{
	"credit": "Made with Blockbench",
	"textures": {
		"0": "kubejs:item/terrain_zapper_mesh",
		"1": "minecraft:block/smooth_stone_slab_side",
		"particle": "minecraft:block/obsidian",
		"3_0": "minecraft:block/obsidian"
	},
	"elements": [
		{
			"name": "Rod Back Cap",
			"from": [6.5, 4, 9],
			"to": [9.5, 7, 10],
			"rotation": {"angle": -45, "axis": "z", "origin": [8, 5.5, 3]},
			"faces": {
				"north": {"uv": [0, 0, 3, 3], "texture": "#0"},
				"east": {"uv": [8, 13, 9, 16], "texture": "#0"},
				"south": {"uv": [2, 7, 5, 10], "texture": "#0"},
				"west": {"uv": [2, 8, 3, 11], "texture": "#0"},
				"up": {"uv": [3, 9, 6, 10], "texture": "#0"},
				"down": {"uv": [7, 7, 10, 8], "texture": "#0"}
			}
		},
		{
			"name": "Rod Back Cap",
			"from": [7, 4.5, 10],
			"to": [9, 6.5, 12],
			"rotation": {"angle": -45, "axis": "z", "origin": [8, 5.5, 3]},
			"faces": {
				"north": {"uv": [0, 0, 2, 2], "texture": "#0"},
				"east": {"uv": [0, 0, 2, 2], "texture": "#0"},
				"south": {"uv": [0, 0, 2, 2], "texture": "#0"},
				"west": {"uv": [0, 0, 2, 2], "texture": "#0"},
				"up": {"uv": [0, 0, 2, 2], "texture": "#0"},
				"down": {"uv": [0, 0, 2, 2], "texture": "#0"}
			}
		},
		{
			"name": "Rod Back Cap",
			"from": [6, 4.5, 4],
			"to": [10, 6.5, 6],
			"rotation": {"angle": 0, "axis": "z", "origin": [8, 5.5, 3]},
			"faces": {
				"north": {"uv": [0, 0, 4, 2], "texture": "#0"},
				"east": {"uv": [0, 0, 2, 2], "texture": "#0"},
				"south": {"uv": [0, 0, 4, 1], "texture": "#0"},
				"west": {"uv": [0, 0, 2, 2], "texture": "#0"},
				"up": {"uv": [0, 0, 4, 2], "texture": "#0"},
				"down": {"uv": [0, 0, 4, 2], "texture": "#0"}
			}
		},
		{
			"name": "Grip",
			"from": [7.1, 1, 7],
			"to": [8.9, 5, 10],
			"rotation": {"angle": -22.5, "axis": "x", "origin": [8, 2, 9]},
			"faces": {
				"north": {"uv": [5, 7, 6.8, 11], "texture": "#1"},
				"east": {"uv": [13, 7, 16, 11], "texture": "#1"},
				"south": {"uv": [7, 7, 8.8, 11], "texture": "#1"},
				"west": {"uv": [16, 7, 13, 11], "texture": "#1"},
				"up": {"uv": [5, 2, 6.8, 5], "texture": "#1"},
				"down": {"uv": [7, 11, 8.8, 14], "texture": "#1"}
			}
		},
		{
			"name": "Trigger",
			"from": [7.4, 3, 6],
			"to": [8.6, 6, 8],
			"rotation": {"angle": -22.5, "axis": "x", "origin": [8, 2, 9]},
			"faces": {
				"north": {"uv": [6, 4, 7, 7], "texture": "#3_0"},
				"east": {"uv": [6, 4, 8, 7], "texture": "#3_0"},
				"south": {"uv": [6, 4, 7, 7], "texture": "#3_0"},
				"west": {"uv": [5, 4, 7, 7], "texture": "#3_0"},
				"up": {"uv": [6, 6, 7, 8], "texture": "#3_0"},
				"down": {"uv": [5, 6, 6, 8], "texture": "#3_0"}
			}
		}
	],
	"display": {
		"thirdperson_righthand": {
			"rotation": [1, 0, 0],
			"translation": [0, 4, -2.5],
			"scale": [0.8, 0.8, 0.8]
		},
		"thirdperson_lefthand": {
			"rotation": [1, 0, 0],
			"translation": [0, 4, -2.5],
			"scale": [0.8, 0.8, 0.8]
		},
		"firstperson_righthand": {
			"rotation": [10, 0, 10],
			"translation": [1, 4, 1]
		},
		"firstperson_lefthand": {
			"rotation": [10, 0, 10],
			"translation": [1, 4, 1]
		},
		"ground": {
			"rotation": [0, 0, 90],
			"translation": [-2.25, -1, -0.75],
			"scale": [0.75, 0.75, 0.75]
		},
		"gui": {
			"rotation": [30, 45, 0],
			"translation": [-0.5, 3.5, 0]
		},
		"fixed": {
			"rotation": [0, 90, 0],
			"translation": [-1.25, 4.25, -1]
		}
	},
	"groups": [
		0,
		1,
		2,
		{
			"name": "placement_handgun",
			"origin": [8, 8, 8],
			"color": 0,
			"children": [3, 4]
		}
	]
}