{
  "type": "minecraft:chest",
  "pools": [
    {
      "rolls": {
        "min": 4.0,
        "max": 5.0,
        "type": "minecraft:uniform"
      },
      "entries": [
        {
          "type": "minecraft:item",
          "weight": 1,
          "functions": [
            {
              "function": "minecraft:set_count",
              "count": {
                "min": 4.0,
                "max": 6.0,
                "type": "minecraft:uniform"
              }
            }
          ],
          "name": "minecraft:iron_ingot"
        },
        {
          "type": "minecraft:item",
          "weight": 1,
          "functions": [
            {
              "function": "minecraft:set_count",
              "count": {
                "min": 4.0,
                "max": 6.0,
                "type": "minecraft:uniform"
              }
            }
          ],
          "name": "minecraft:gold_ingot"
        },
        {
          "type": "minecraft:item",
          "weight": 1,
          "functions": [
            {
              "function": "minecraft:set_count",
              "count": {
                "min": 1.0,
                "max": 2.0,
                "type": "minecraft:uniform"
              }
            }
          ],
          "name": "minecraft:diamond"
        },
        {
          "type": "minecraft:item",
          "weight": 1,
          "functions": [
            {
              "function": "minecraft:set_count",
              "count": {
                "min": 1.0,
                "max": 2.0,
                "type": "minecraft:uniform"
              }
            }
          ],
          "name": "minecraft:emerald"
        },
        {
          "type": "minecraft:item",
          "weight": 1,
          "functions": [
            {
              "function": "minecraft:set_count",
              "count": {
                "min": 5.0,
                "max": 7.0,
                "type": "minecraft:uniform"
              }
            }
          ],
          "name": "minecraft:bone"
        },
        {
          "type": "minecraft:item",
          "name": "minecraft:golden_apple"
        },
        {
          "type": "minecraft:item",
          "name": "minecraft:ender_pearl"
        }
      ]
    }
  ]
}