{
  "type": "createindustry:distillation",
  "ingredients": [

    {
      "fluid": "createindustry:heavy_oil",
      "nbt": {},
      "amount": 100
    }
  ],
  "results": [
    {
      "fluid": "createdieselgenerators:diesel",
      "amount": 10
    },
    {
      "fluid": "createdieselgenerators:diesel",
      "amount": 10
    },
    {
      "fluid": "createdieselgenerators:diesel",
      "amount": 10
    },
    {
      "item": "createindustry:sulfur_dust"

    },
    {
      "item": "createindustry:bitumen"

    }
  ]


}
