{
	"render_type": "cutout",
	"textures": {
		"particle": "refinedstorage:block/cable",
		"cable": "refinedstorage:block/cable"
	},
	"elements": [
		{
			"name": "Core",
			"from": [5.5, 5.5, 5.5],
			"to": [10.5, 10.5, 10.5],
			"faces": {
				"north": {"uv": [8, 8, 13, 13], "texture": "#cable"},
				"east": {"uv": [8, 8, 13, 13], "texture": "#cable"},
				"south": {"uv": [8, 8, 13, 13], "texture": "#cable"},
				"west": {"uv": [8, 8, 13, 13], "texture": "#cable"},
				"up": {"uv": [8, 8, 13, 13], "texture": "#cable"},
				"down": {"uv": [8, 8, 13, 13], "texture": "#cable"}
			}
		}
	]
}