{
    "name": "Basic In-game Commands",
    "icon": "minecraft:command_block",
    "category": "patchouli:getting_started",
    "sortnum": 0,
    "pages": [
        {
            "type": "patchouli:text",
            "text": "Initiate Commands by pressing the slash key '/' from within the world. Basic commands include:$(li)'/skyblock gui' this command opens up a interactable gui for which you can create your first island and add people as a group$(li)'/skyblock home' teleports you to the home/spawn location of your island$(li)'/skyblock spawn' teleports you the worldspawn or the spawn island"
        }
    ]
}