{
  "type": "create:mechanical_crafting",
  "pattern": [
    "HIIIS",
    "HPPIS",
    "   A "
  ],
  "key": {
    "P": {
      "item": "create:precision_mechanism"
    },
    "A": {
      "item": "createindustry:rebar"
    },
    "S": {
      "item": "createindustry:industrial_pipe"
    },
    "I": {
      "item": "createindustry:steel_pipe"
    },
    "H": {
      "item": "createindustry:heavy_plate"
    }
  },
  "result": {
    "item": "createindustry:quad_potato_cannon"
  },
  "acceptMirrored": true
}