{
  "type": "create:mechanical_crafting",
  "pattern": [
    "HIH",
    "PDP",
    "ECE"
  ],
  "key": {
    "P": {
      "item": "create:precision_mechanism"
    },
    "I": {
      "item": "createindustry:industrial_pipe"
    },
    "H": {
      "item": "createindustry:heavy_plate"
    },
  "C": {
    "item": "createindustry:heavy_machinery_casing"
  },
    "D": {
      "item": "create:display_board"
    },
    "E": {
      "item": "create:electron_tube"
    }

  },
  "result": {
    "item": "createindustry:steel_distillation_controller"
  },
  "acceptMirrored": true
}