{
  "parent": "block/cube",
  "elements": [
    {
      "from": [ 0, 0, 0 ],
      "to": [ 16, 16, 16 ],
      "faces": {
        "down": {"uv": [0, 0, 16, 16 ], "texture": "#down", "cullface":  "down"},
        "up": {"uv": [0, 0, 16, 16 ], "texture": "#up", "cullface":  "up"},
        "north": {"uv": [0, 0, 16, 16 ], "texture": "#north", "cullface":  "north"},
        "south": {"uv": [0, 0, 16, 16 ], "texture": "#south", "cullface":  "south"},
        "west": {"uv": [0, 0, 16, 16 ], "texture": "#west", "cullface":  "west"},
        "east": {"uv": [0, 0, 16, 16 ], "texture": "#east", "cullface":  "east"}
      }
    }
  ],
  "textures": {
    "north": "kubejs:block/overlay_front_remaster",
    "east": "kubejs:block/machine_casing_assembler",
    "south": "kubejs:block/machine_casing_assembler",
    "west": "kubejs:block/machine_casing_assembler",
    "up": "kubejs:block/overlay_top_remaster",
    "down": "kubejs:block/machine_casing_assembler",
    "particle": "kubejs:block/machine_casing_assembler"
  }
}