{
  "pools": [{
    "name": "main",
    "rolls": 1,
    "entries": [
      {
        "type": "item",
        "entryName": "normal_death_rod",
        "name": "minecraft:blaze_rod",
        "functions": [
          {
            "function": "set_count",
            "count": 1
          }
        ]
      },
      {
        "type": "item",
        "entryName": "player_kill_rod",
        "name": "minecraft:blaze_rod",
        "conditions": [
          { "condition": "killed_by_player" }
        ],
        "functions": [
          { "function": "set_count", "count": 2 },
          { "function": "looting_enchant", "count": { "min": 0, "max": 2 }}
        ]
      }
    ]
  }]
}