{"angelring":{"x":0,"y":0,"halign":"LEFT","valign":"TOP","enabled":false},"feet":{"x":0,"y":200,"halign":"LEFT","valign":"TOP","enabled":false},"hands":{"x":0,"y":100,"halign":"LEFT","valign":"TOP","enabled":false},"ring":{"x":0,"y":120,"halign":"LEFT","valign":"TOP","enabled":false},"belt":{"x":0,"y":140,"halign":"LEFT","valign":"TOP","enabled":false},"back":{"x":60,"y":59,"halign":"LEFT","valign":"TOP","enabled":true},"necklace":{"x":0,"y":20,"halign":"LEFT","valign":"TOP","enabled":false},"bracelet":{"x":0,"y":80,"halign":"LEFT","valign":"TOP","enabled":false},"an_focus":{"x":0,"y":0,"halign":"LEFT","valign":"TOP","enabled":false},"body":{"x":0,"y":60,"halign":"LEFT","valign":"TOP","enabled":false},"curio":{"x":0,"y":180,"halign":"LEFT","valign":"TOP","enabled":false},"head":{"x":153,"y":81,"halign":"LEFT","valign":"TOP","enabled":false},"klein_star":{"x":0,"y":0,"halign":"LEFT","valign":"TOP","enabled":false},"charm":{"x":0,"y":160,"halign":"LEFT","valign":"TOP","enabled":false},"bangle":{"x":0,"y":0,"halign":"LEFT","valign":"TOP","enabled":false},"grid":{"x":0,"y":0,"halign":"LEFT","valign":"TOP","enabled":false},"bundle":{"x":0,"y":0,"halign":"LEFT","valign":"TOP","enabled":false},"crafting_on_a_stick":{"x":0,"y":0,"halign":"LEFT","valign":"TOP","enabled":false}}