{
	"credit": "Made with Blockbench",
	"parent": "kubejs:item/large_wheels",
	"texture_size": [ 32, 32 ],
	"textures": {
		"0": "kubejs:item/worldshaper_cogwheel_axis",
		"3": "kubejs:item/axis_top",
		"1_2": "kubejs:item/worldshaper_cog"
	},
	"elements": [
		{
			"name": "Axis",
			"from": [ 6, 0, 6 ],
			"to": [ 10, 16, 10 ],
			"faces": {
				"north": {
					"uv": [ 6, 0, 10, 16 ],
					"texture": "#0"
				},
				"east": {
					"uv": [ 6, 0, 10, 16 ],
					"texture": "#0"
				},
				"south": {
					"uv": [ 6, 0, 10, 16 ],
					"texture": "#0"
				},
				"west": {
					"uv": [ 6, 0, 10, 16 ],
					"texture": "#0"
				},
				"up": {
					"uv": [ 6, 6, 10, 10 ],
					"texture": "#3"
				},
				"down": {
					"uv": [ 6, 6, 10, 10 ],
					"texture": "#3"
				}
			}
		},
		{
			"name": "Gear",
			"from": [ -1, 3.5, 6.5 ],
			"to": [ 17, 12.5, 9.5 ],
			"faces": {
				"north": {
					"uv": [ 7, 8, 16, 9.5 ],
					"texture": "#1_2"
				},
				"east": {
					"uv": [ 5, 8, 6.5, 9.5 ],
					"texture": "#1_2"
				},
				"south": {
					"uv": [ 7, 8, 16, 9.5 ],
					"texture": "#1_2"
				},
				"west": {
					"uv": [ 5, 8, 6.5, 9.5 ],
					"texture": "#1_2"
				},
				"up": {
					"uv": [ 7, 6, 16, 7.5 ],
					"texture": "#1_2"
				},
				"down": {
					"uv": [ 7, 6, 16, 7.5 ],
					"texture": "#1_2"
				}
			}
		},
		{
			"name": "Gear2",
			"from": [ -1, 3.5, 6.5 ],
			"to": [ 17, 12.5, 9.5 ],
			"rotation": {
				"angle": 45,
				"axis": "y",
				"origin": [ 8, 8, 8 ]
			},
			"faces": {
				"north": {
					"uv": [ 7, 8, 16, 9.5 ],
					"texture": "#1_2"
				},
				"east": {
					"uv": [ 5, 8, 6.5, 9.5 ],
					"texture": "#1_2"
				},
				"south": {
					"uv": [ 7, 8, 16, 9.5 ],
					"texture": "#1_2"
				},
				"west": {
					"uv": [ 5, 8, 6.5, 9.5 ],
					"texture": "#1_2"
				},
				"up": {
					"uv": [ 7, 6, 16, 7.5 ],
					"texture": "#1_2"
				},
				"down": {
					"uv": [ 7, 6, 16, 7.5 ],
					"texture": "#1_2"
				}
			}
		},
		{
			"name": "Gear3",
			"from": [ -1, 3.5, 6.5 ],
			"to": [ 17, 12.5, 9.5 ],
			"rotation": {
				"angle": -45,
				"axis": "y",
				"origin": [ 8, 8, 8 ]
			},
			"faces": {
				"north": {
					"uv": [ 7, 8, 16, 9.5 ],
					"texture": "#1_2"
				},
				"east": {
					"uv": [ 5, 8, 6.5, 9.5 ],
					"texture": "#1_2"
				},
				"south": {
					"uv": [ 7, 8, 16, 9.5 ],
					"texture": "#1_2"
				},
				"west": {
					"uv": [ 5, 8, 6.5, 9.5 ],
					"texture": "#1_2"
				},
				"up": {
					"uv": [ 7, 6, 16, 7.5 ],
					"texture": "#1_2"
				},
				"down": {
					"uv": [ 7, 6, 16, 7.5 ],
					"texture": "#1_2"
				}
			}
		},
		{
			"name": "Gear4",
			"from": [ 6.5, 3.5, -1 ],
			"to": [ 9.5, 12.5, 17 ],
			"faces": {
				"north": {
					"uv": [ 5, 8, 6.5, 9.5 ],
					"texture": "#1_2"
				},
				"east": {
					"uv": [ 7, 8, 16, 9.5 ],
					"texture": "#1_2"
				},
				"south": {
					"uv": [ 5, 8, 6.5, 9.5 ],
					"texture": "#1_2"
				},
				"west": {
					"uv": [ 7, 8, 16, 9.5 ],
					"texture": "#1_2"
				},
				"up": {
					"uv": [ 7, 6, 16, 7.5 ],
					"rotation": 90,
					"texture": "#1_2"
				},
				"down": {
					"uv": [ 7, 6, 16, 7.5 ],
					"rotation": 90,
					"texture": "#1_2"
				}
			}
		}
	]
}