{
  "parent": "travelersbackpack:item/hose_suck",
  "textures": {
    "layer0": "travelersbackpack:item/hose"
  },
  "overrides": [
    {
      "predicate": {
        "travelersbackpack:mode": 1
      },
      "model": "travelersbackpack:item/hose_suck"
    },
    {
      "predicate": {
        "travelersbackpack:mode": 2
      },
      "model": "travelersbackpack:item/hose_spill"
    },
    {
      "predicate": {
        "travelersbackpack:mode": 3
      },
      "model": "travelersbackpack:item/hose_drink"
    }
  ]
}
