{
	"texture_size": [32, 32],
	"textures": {
		"0": "travelersbackpack:item/hose",
		"particle": "travelersbackpack:item/hose"
	},
	"elements": [
		{
			"from": [6, 6, 9],
			"to": [10, 10, 11],
			"faces": {
				"north": {"uv": [0, 0, 2, 2], "texture": "#0"},
				"east": {"uv": [2, 0, 3, 2], "texture": "#0"},
				"south": {"uv": [0, 0, 2, 2], "texture": "#0"},
				"west": {"uv": [2, 0, 3, 2], "texture": "#0"},
				"up": {"uv": [0, 2, 2, 3], "texture": "#0"},
				"down": {"uv": [0, 2, 2, 3], "texture": "#0"}
			}
		},
		{
			"from": [6, 7, 6.2],
			"to": [7, 9, 9.2],
			"rotation": {"angle": -22.5, "axis": "y", "origin": [6.5, 8, 9]},
			"faces": {
				"south": {"uv": [3.5, 1.5, 4.5, 2], "rotation": 90, "texture": "#0"},
				"west": {"uv": [3.5, 0, 4.5, 1.5], "rotation": 90, "texture": "#0"},
				"up": {"uv": [4.5, 0, 5, 1.5], "texture": "#0"},
				"down": {"uv": [4.5, 0, 5, 1.5], "texture": "#0"}
			}
		},
		{
			"from": [9, 7, 6.2],
			"to": [10, 9, 9.2],
			"rotation": {"angle": 22.5, "axis": "y", "origin": [9.5, 8, 9]},
			"faces": {
				"east": {"uv": [3.5, 0, 4.5, 1.5], "rotation": 90, "texture": "#0"},
				"south": {"uv": [3.5, 1.5, 4.5, 2], "rotation": 90, "texture": "#0"},
				"up": {"uv": [4.5, 0, 5, 1.5], "texture": "#0"},
				"down": {"uv": [4.5, 0, 5, 1.5], "texture": "#0"}
			}
		},
		{
			"from": [7, 9, 6.2],
			"to": [9, 10, 9.2],
			"rotation": {"angle": -22.5, "axis": "x", "origin": [8, 9.5, 9]},
			"faces": {
				"east": {"uv": [4.5, 0, 5, 1.5], "rotation": 90, "texture": "#0"},
				"south": {"uv": [3.5, 2, 4.5, 1.5], "texture": "#0"},
				"west": {"uv": [4.5, 0, 5, 1.5], "rotation": 90, "texture": "#0"},
				"up": {"uv": [3.5, 0, 4.5, 1.5], "texture": "#0"}
			}
		},
		{
			"from": [7, 6, 6.2],
			"to": [9, 7, 9.2],
			"rotation": {"angle": 22.5, "axis": "x", "origin": [8, 6.5, 9]},
			"faces": {
				"east": {"uv": [4.5, 0, 5, 1.5], "rotation": 90, "texture": "#0"},
				"south": {"uv": [3.5, 1.5, 4.5, 2], "texture": "#0"},
				"west": {"uv": [4.5, 0, 5, 1.5], "rotation": 90, "texture": "#0"},
				"down": {"uv": [3.5, 0, 4.5, 1.5], "texture": "#0"}
			}
		},
		{
			"from": [7, 7, 5],
			"to": [9, 9, 7],
			"faces": {
				"north": {"uv": [6.5, 0, 7.5, 1], "texture": "#0"},
				"east": {"uv": [5.5, 0, 6.5, 1], "rotation": 90, "texture": "#0"},
				"west": {"uv": [5.5, 0, 6.5, 1], "rotation": 270, "texture": "#0"},
				"up": {"uv": [5.5, 0, 6.5, 1], "texture": "#0"},
				"down": {"uv": [5.5, 0, 6.5, 1], "rotation": 180, "texture": "#0"}
			}
		},
		{
			"from": [6.5, 6.5, 11],
			"to": [9.5, 9.5, 22],
			"faces": {
				"north": {"uv": [0, 3.5, 1.5, 5], "texture": "#0"},
				"east": {"uv": [0, 10, 1.5, 4.5], "rotation": 90, "texture": "#0"},
				"south": {"uv": [0, 3.5, 1.5, 5], "texture": "#0"},
				"west": {"uv": [0, 4.5, 1.5, 10], "rotation": 90, "texture": "#0"},
				"up": {"uv": [0, 10, 1.5, 4.5], "texture": "#0"},
				"down": {"uv": [0, 4.5, 1.5, 10], "texture": "#0"}
			}
		},
		{
			"from": [0.5, 6.5, 17],
			"to": [3.5, 9.5, 22],
			"faces": {
				"north": {"uv": [0, 9, 1.5, 10.5], "texture": "#0"},
				"east": {"uv": [0, 10, 1.5, 7.5], "rotation": 90, "texture": "#0"},
				"south": {"uv": [0, 3.5, 1.5, 5], "texture": "#0"},
				"west": {"uv": [0, 7.5, 1.5, 10], "rotation": 90, "texture": "#0"},
				"up": {"uv": [0, 10, 1.5, 7.5], "texture": "#0"},
				"down": {"uv": [0, 7.5, 1.5, 10], "texture": "#0"}
			}
		},
		{
			"from": [0.5, 6.5, 22],
			"to": [9.5, 9.5, 25],
			"faces": {
				"north": {"uv": [0, 3.5, 1.5, 8], "rotation": 90, "texture": "#0"},
				"east": {"uv": [0, 3.5, 1.5, 5], "texture": "#0"},
				"south": {"uv": [0, 4, 1.5, 8.5], "rotation": 90, "texture": "#0"},
				"west": {"uv": [0, 3.5, 1.5, 5], "texture": "#0"},
				"up": {"uv": [0, 4, 1.5, 8.5], "rotation": 90, "texture": "#0"},
				"down": {"uv": [0, 4, 1.5, 8.5], "rotation": 90, "texture": "#0"}
			}
		}
	],
	"display": {
		"thirdperson_righthand": {
			"rotation": [39, 0, 0],
			"translation": [0, 0.75, -2.25]
		},
		"thirdperson_lefthand": {
			"rotation": [39, 0, 180],
			"translation": [0, 0.75, -2.25]
		},
		"firstperson_righthand": {
			"rotation": [12, 0, 0],
			"translation": [-0.5, 2.5, -2.25]
		},
		"firstperson_lefthand": {
			"rotation": [12, 0, 180],
			"translation": [-0.5, 2.5, -2.25]
		},
		"ground": {
			"translation": [0, 3, 0],
			"scale": [0.25, 0.25, 0.25]
		},
		"gui": {
			"rotation": [30, 225, 0],
			"translation": [3.5, -2.25, 0],
			"scale": [0.625, 0.625, 0.625]
		},
		"head": {
			"rotation": [-90, 0, -90],
			"translation": [0, -18, -1]
		},
		"fixed": {
			"rotation": [90, 0, 0],
			"translation": [1.25, 4, 0],
			"scale": [0.5, 0.5, 0.5]
		}
	},
	"groups": [
		{
			"name": "nozzle",
			"origin": [0, 0, 0],
			"color": 0,
			"children": [0, 1, 2, 3, 4, 5]
		},
		{
			"name": "tube",
			"origin": [0, 0, 0],
			"color": 0,
			"children": [6, 7, 8]
		}
	]
}