{
	"credit": "Made with Blockbench",
	"textures": {
		"0": "kubejs:item/terrain_zapper_mesh",
		"1": "block/smooth_stone_slab_side",
		"2": "block/white_concrete_powder",
		"particle": "block/obsidian"
	},
	"elements": [
		{
			"name": "Connector",
			"from": [6.5, 6, 3],
			"to": [9.5, 7, 14],
			"rotation": {"angle": 0, "axis": "y", "origin": [0, 0, 3]},
			"faces": {
				"north": {"uv": [6, 7, 9, 8], "texture": "#0"},
				"east": {"uv": [3, 9, 14, 10], "texture": "#0"},
				"south": {"uv": [2, 0, 5, 1], "texture": "#0"},
				"west": {"uv": [2, 9, 13, 10], "texture": "#0"},
				"up": {"uv": [2, 7, 13, 10], "rotation": 90, "texture": "#0"},
				"down": {"uv": [2, 7, 13, 10], "rotation": 90, "texture": "#0"}
			}
		},
		{
			"name": "Connector",
			"from": [6.5, 4, 3],
			"to": [9.5, 5, 14],
			"rotation": {"angle": 0, "axis": "y", "origin": [0, 0, 3]},
			"faces": {
				"north": {"uv": [6, 7, 9, 8], "texture": "#0"},
				"east": {"uv": [3, 9, 14, 10], "texture": "#0"},
				"south": {"uv": [2, 0, 5, 1], "texture": "#0"},
				"west": {"uv": [2, 9, 13, 10], "texture": "#0"},
				"up": {"uv": [2, 7, 13, 10], "rotation": 90, "texture": "#0"},
				"down": {"uv": [2, 7, 13, 10], "rotation": 90, "texture": "#0"}
			}
		},
		{
			"name": "Connector",
			"from": [5.75, 4, 9],
			"to": [10.25, 8, 11],
			"rotation": {"angle": 45, "axis": "x", "origin": [8, 4, 11]},
			"faces": {
				"north": {"uv": [5, 0, 9.5, 4], "texture": "#0"},
				"east": {"uv": [12, 3, 16, 5], "rotation": 90, "texture": "#0"},
				"south": {"uv": [4, 7, 8.5, 11], "texture": "#0"},
				"west": {"uv": [0, 3, 4, 5], "rotation": 270, "texture": "#0"},
				"up": {"uv": [5, 3, 9.5, 5], "texture": "#0"},
				"down": {"uv": [5, 2, 10, 4], "texture": "#0"}
			}
		},
		{
			"name": "Connector",
			"from": [5.75, 4, 11],
			"to": [10.25, 6, 13],
			"rotation": {"angle": 45, "axis": "x", "origin": [8, 4, 11]},
			"faces": {
				"north": {"uv": [0, 0, 4.5, 2], "texture": "#0"},
				"east": {"uv": [12, 3, 14, 5], "rotation": 180, "texture": "#0"},
				"south": {"uv": [5, 3, 9.5, 5], "rotation": 180, "texture": "#0"},
				"west": {"uv": [4, 3, 6, 5], "rotation": 180, "texture": "#0"},
				"up": {"uv": [5, 4, 9.5, 6], "texture": "#0"},
				"down": {"uv": [5, 0, 9.5, 2], "texture": "#0"}
			}
		},
		{
			"name": "Rod Back Cap",
			"from": [6, 4.5, 12],
			"to": [10, 6.5, 14],
			"rotation": {"angle": 0, "axis": "z", "origin": [8, 5.5, 11]},
			"faces": {
				"north": {"uv": [0, 0, 4, 2], "texture": "#0"},
				"east": {"uv": [0, 0, 2, 2], "texture": "#0"},
				"south": {"uv": [0, 0, 4, 1], "texture": "#0"},
				"west": {"uv": [0, 0, 2, 2], "texture": "#0"},
				"up": {"uv": [0, 0, 4, 2], "texture": "#0"},
				"down": {"uv": [0, 0, 4, 2], "texture": "#0"}
			}
		},
		{
			"name": "Scope",
			"from": [7.5, 7.5, 8.5],
			"to": [8.5, 8.5, 13.5],
			"rotation": {"angle": 45, "axis": "z", "origin": [8, 8, 7]},
			"faces": {
				"north": {"uv": [0, 0, 1, 1], "texture": "#1"},
				"east": {"uv": [8, 1, 9, 6], "rotation": 90, "texture": "#0"},
				"south": {"uv": [0, 0, 1, 1], "texture": "#1"},
				"west": {"uv": [7, 1, 8, 6], "rotation": 270, "texture": "#0"},
				"up": {"uv": [7, 1, 8, 6], "texture": "#0"},
				"down": {"uv": [7, 1, 8, 6], "texture": "#0"}
			}
		},
		{
			"name": "Scope Connector",
			"from": [7.5, 7, 10],
			"to": [8.5, 8, 11],
			"rotation": {"angle": 0, "axis": "y", "origin": [8, 8, 7]},
			"faces": {
				"north": {"uv": [0, 0, 1, 1], "texture": "#0"},
				"east": {"uv": [0, 0, 1, 1], "texture": "#0"},
				"south": {"uv": [0, 0, 1, 1], "texture": "#0"},
				"west": {"uv": [0, 0, 1, 1], "texture": "#0"},
				"up": {"uv": [0, 0, 1, 1], "texture": "#0"},
				"down": {"uv": [0, 0, 1, 1], "texture": "#0"}
			}
		},
		{
			"name": "Amplifier Connector",
			"from": [6.5, 2, 5],
			"to": [9.5, 3, 12],
			"rotation": {"angle": 0, "axis": "y", "origin": [8.5, 8, 11]},
			"faces": {
				"north": {"uv": [3, 8, 6, 9], "texture": "#0"},
				"east": {"uv": [0, 12, 7, 13], "rotation": 180, "texture": "#0"},
				"south": {"uv": [1, 8, 4, 9], "texture": "#0"},
				"west": {"uv": [0, 12, 7, 13], "rotation": 180, "texture": "#0"},
				"up": {"uv": [3, 7, 10, 10], "rotation": 90, "texture": "#0"},
				"down": {"uv": [3, 7, 10, 10], "rotation": 90, "texture": "#0"}
			}
		},
		{
			"name": "Amplifier Connector",
			"from": [6.5, 3, 10],
			"to": [9.5, 4, 12],
			"rotation": {"angle": 0, "axis": "y", "origin": [8.5, 8, 11]},
			"faces": {
				"north": {"uv": [0, 0, 3, 1], "texture": "#0"},
				"east": {"uv": [0, 0, 2, 1], "texture": "#0"},
				"south": {"uv": [0, 0, 3, 1], "texture": "#0"},
				"west": {"uv": [0, 0, 2, 1], "texture": "#0"},
				"up": {"uv": [0, 0, 3, 2], "texture": "#0"},
				"down": {"uv": [0, 0, 3, 2], "texture": "#0"}
			}
		},
		{
			"name": "Amplifier Core",
			"from": [6.8, 3, 5.7],
			"to": [9.2, 4, 10.7],
			"rotation": {"angle": 0, "axis": "y", "origin": [8.5, 8, 11]},
			"faces": {
				"north": {"uv": [6, 5, 8.4, 6], "texture": "#2"},
				"east": {"uv": [3, 5, 8, 6], "texture": "#2"},
				"south": {"uv": [0, 0, 2.4, 1], "texture": "#2"},
				"west": {"uv": [3, 7, 8, 8], "texture": "#2"},
				"up": {"uv": [0, 0, 2.4, 5], "texture": "#2"},
				"down": {"uv": [0, 0, 2.4, 5], "texture": "#2"}
			}
		},
		{
			"name": "Core",
			"from": [6.8, 5, 3.7],
			"to": [9.2, 6, 13.7],
			"rotation": {"angle": 0, "axis": "y", "origin": [8.5, 8, 11]},
			"faces": {
				"north": {"uv": [6, 5, 8.4, 6], "texture": "#2"},
				"east": {"uv": [3, 5, 13, 6], "texture": "#2"},
				"west": {"uv": [3, 7, 13, 8], "texture": "#2"}
			}
		}
	],
	"display": {
		"thirdperson_righthand": {
			"rotation": [1, 0, 0],
			"translation": [0, 4, -2.5],
			"scale": [0.8, 0.8, 0.8]
		},
		"thirdperson_lefthand": {
			"rotation": [1, 0, 0],
			"translation": [0, 4, -2.5],
			"scale": [0.8, 0.8, 0.8]
		},
		"firstperson_righthand": {
			"rotation": [10, 0, 10],
			"translation": [1, 4, 1]
		},
		"firstperson_lefthand": {
			"rotation": [10, 0, 10],
			"translation": [1, 4, 1]
		},
		"ground": {
			"rotation": [0, 0, 90],
			"translation": [-2.25, -1, -0.75],
			"scale": [0.75, 0.75, 0.75]
		},
		"gui": {
			"rotation": [30, 45, 0],
			"translation": [-0.5, 3.5, 0]
		},
		"fixed": {
			"rotation": [0, 90, 0],
			"translation": [-1.25, 4.25, -1]
		}
	},
	"groups": [
		0,
		1,
		2,
		3,
		4,
		{
			"name": "chorus_scope",
			"origin": [8, 8, 8],
			"color": 0,
			"children": [5, 6]
		},
		{
			"name": "chorus_amplifier",
			"origin": [8, 8, 8],
			"color": 0,
			"children": [7, 8]
		},
		9,
		10
	]
}