{
  "name": "skyvillages:skyvillage_bridges",
  "fallback": "skyvillages:skyvillage_terminator",
  "elements": [
    {
      "weight": 20,
      "element": {
        "location": "skyvillages:bridge_1",
        "processors": "minecraft:empty",
    "projection": "rigid",
        "element_type": "minecraft:single_pool_element"
      }
    },
    {
      "weight": 100,
      "element": {
        "location": "skyvillages:bridge_2",
        "processors": "minecraft:empty",
    "projection": "rigid",
        "element_type": "minecraft:single_pool_element"
      }
    },
    {
      "weight": 100,
      "element": {
        "location": "skyvillages:bridge_3",
        "processors": "minecraft:empty",
    "projection": "rigid",
        "element_type": "minecraft:single_pool_element"
      }
    },
    {
      "weight": 5,
      "element": {
        "location": "skyvillages:bridge_4",
        "processors": "minecraft:empty",
    "projection": "rigid",
        "element_type": "minecraft:single_pool_element"
      }
    },
  {
      "weight": 60,
      "element": {
        "location": "skyvillages:bridge_5",
        "processors": "skyvillages:house_processor",
    "projection": "rigid",
        "element_type": "minecraft:single_pool_element"
      }
    }
  ]
  }
